title,alt_titles,year,year_range,medium,dimensions,collection,inventory_no,wikidata_id,sources,confidence,notes
Lawren S. Harris: Urban Scenes and Wilderness Landscapes,,1906,1906,,,,,,https://en.wikipedia.org/wiki/Lawren_Harris,medium,
"A Row of Houses, Wellington Street (Street Painting I)",,1910,1910,"oil , canvas",,Art Gallery of Ontario,,,https://www.wikiart.org/en/lawren-harris/a-row-of-houses-wellington-street-street-painting-i-1910|https://www.wikiart.org/en/lawren-harris/all-works/text-list,high,curated seed / cross-ref
"Bell, Andrew (Christmas 1948). ""Lawren Harris: A Retrospective Exhibition of His Painting",,1910,1910,,,,,,https://en.wikipedia.org/wiki/Lawren_Harris,medium,
Buildings on the Hill,,1910,1910,,,,,,catalogue: Lawren Harris Painter's Progress,high,curated seed / cross-ref
Houses on Wellington Street,,1910,1910,,,,,,catalogue: Lawren Harris Painter's Progress,high,curated seed / cross-ref
"Lawren Harris, Paintings",,1910,1910,,,,,,https://en.wikipedia.org/wiki/Lawren_Harris,medium,
On January 20,,1910,1910,,,,,,https://en.wikipedia.org/wiki/Lawren_Harris,medium,
"Houses, Richmond Street",,1911,"Houses, Richmond Street 1911 oil on canvas 103941",,,,,,"https://commons.wikimedia.org/wiki/File:Lawren_Harris_Houses,_Richmond_Street_1911_oil_on_canvas_103941.jpg",low,"from filename: Lawren_Harris_Houses,_Richmond_Street_1911_oil_on_canvas_103941.jpg; from filename: Lawren_Harris_Houses,_Richmond_Street_1911_oil_on_canvas_103941.jpg"
The Corner Store,,1912,1912,oil on canvas,,,,,https://en.wikipedia.org/wiki/Lawren_Harris,high,curated seed / cross-ref
The Drive,,1912,1912-1901,,,National Gallery of Canada,359,Q59500000,http://www.wikidata.org/entity/Q59500000,high,
Winter Sunrise,,1913,1913,,,,,,https://www.wikiart.org/en/lawren-harris/all-works/text-list|https://www.wikiart.org/en/lawren-harris/winter-sunrise-1913,high,curated seed / cross-ref
Winter Morning,,1914,1914-1901,,,National Gallery of Canada,1036,Q59509062,http://www.wikidata.org/entity/Q59509062,high,
"Pine Plains, Ontario",,1915,1915-1901,,,National Gallery of Canada,6964,Q59506765,http://www.wikidata.org/entity/Q59506765,high,
Snow II,,1915,1915-1901,,,National Gallery of Canada,1193,Q59539162,http://www.wikidata.org/entity/Q59539162|https://en.wikipedia.org/wiki/Lawren_Harris,high,curated seed / cross-ref
"Snow, Algonquin Park",,1915,"Snow, Algonquin Park 1915 oil on canvas 106737",,,,,,"https://commons.wikimedia.org/wiki/File:Lawren_Harris_Snow,_Algonquin_Park_1915_oil_on_canvas_106737.jpg",low,"from filename: Lawren_Harris_Snow,_Algonquin_Park_1915_oil_on_canvas_106737.jpg; from filename: Lawren_Harris_Snow,_Algonquin_Park_1915_oil_on_canvas_106737.jpg"
Winter Landscape,,1915,1915,,,,,,https://en.wikipedia.org/wiki/Lawren_Harris,high,curated seed / cross-ref
Winter Woods oilon,,1915,Winter Woods 1915 oilon canvas 103873,,,,,,https://commons.wikimedia.org/wiki/File:Lawren_Harris_Winter_Woods_1915_oilon_canvas_103873.jpg,low,from filename: Lawren_Harris_Winter_Woods_1915_oilon_canvas_103873.jpg; from filename: Lawren_Harris_Winter_Woods_1915_oilon_canvas_103873.jpg
Decorative Landscape,,1917,1917-1901,oil on canvas,,National Gallery of Canada,36813,Q59537727,http://www.wikidata.org/entity/Q59537727|https://commons.wikimedia.org/wiki/Category:Lawren_Harris,high,curated seed / cross-ref
Autumn Batchewana,,1918,1918,,,,,,https://www.wikiart.org/en/lawren-harris/all-works/text-list|https://www.wikiart.org/en/lawren-harris/autumn-batchewana-1918,high,curated seed / cross-ref
"Rapids, Algoma",,1918,"Rapids, Algoma 1918 oil on wood pulp board 103945",,,,,,"https://commons.wikimedia.org/wiki/File:Lawren_Harris_Rapids,_Algoma_1918_oil_on_wood-pulp_board_103945.jpg",low,"from filename: Lawren_Harris_Rapids,_Algoma_1918_oil_on_wood-pulp_board_103945.jpg; from filename: Lawren_Harris_Rapids,_Algoma_1918_oil_on_wood-pulp_board_103945.jpg"
"Winter Afternoon, City Street, Toronto on Sunday Morning",,1918,"Winter Afternoon, City Street, Toronto on Sunday Morning 1918 oil on canvas 103940",,,,,,"https://commons.wikimedia.org/wiki/File:Lawren_Harris_Winter_Afternoon,_City_Street,_Toronto_on_Sunday_Morning_1918_oil_on_canvas_103940.jpg",low,"from filename: Lawren_Harris_Winter_Afternoon,_City_Street,_Toronto_on_Sunday_Morning_1918_oil_on_canvas_103940.jpg; from filename: Lawren_Harris_Winter_Afternoon,_City_Street,_Toronto_on_Sunday_Morning_1918_oil_on_canvas_103940.jpg"
Winter Landscape with Pink House,,1918,1918,,,,,,https://www.wikiart.org/en/lawren-harris/all-works/text-list|https://www.wikiart.org/en/lawren-harris/winter-landscape-with-pink-house-1918,high,curated seed / cross-ref
"Woods, Algoma",,1918,1918,,,,,,https://www.wikiart.org/en/lawren-harris/all-works/text-list|https://www.wikiart.org/en/lawren-harris/woods-algoma-1918,high,curated seed / cross-ref
Algoma Stream,,1919,Algoma Stream 1919 oil on paperboard 103946,,,,,,https://commons.wikimedia.org/wiki/File:Lawren_Harris_Algoma_Stream_1919_oil_on_paperboard_103946.jpg,low,from filename: Lawren_Harris_Algoma_Stream_1919_oil_on_paperboard_103946.jpg; from filename: Lawren_Harris_Algoma_Stream_1919_oil_on_paperboard_103946.jpg
"In the Ward, Toronto",,1919,1919-1901,,,National Gallery of Canada,15476,Q59496884,"http://www.wikidata.org/entity/Q59496884|https://commons.wikimedia.org/wiki/File:Lawren_Harris_In_the_Ward,_Toronto_1917_oil_on_wood-pulp_board_103963.jpg|https://en.wikipedia.org/wiki/Lawren_Harris",high,"alt year 1917; from filename: Lawren_Harris_In_the_Ward,_Toronto_1917_oil_on_wood-pulp_board_103963.jpg; alt year 1917; from filename: Lawren_Harris_In_the_Ward,_Toronto_1917_oil_on_wood-pulp_board_103963.jpg; curated seed / cross-ref"
"On the Agawa River, Algoma",,1919,1919-1901,,,National Gallery of Canada,38389,Q59534275,http://www.wikidata.org/entity/Q59534275,high,
Return from Church,,1919,1919,,,National Gallery of Canada,,,https://www.gallery.ca/,high,curated seed / cross-ref
Shacks,,1919,1919-1901,,,National Gallery of Canada,1693,Q59506872,http://www.wikidata.org/entity/Q59506872,high,
"Street Scene with Figures, Hamilton",,1919,"Street Scene with Figures, Hamilton ~1919 oil on wood pulp board 103956",,,,,,"https://commons.wikimedia.org/wiki/File:Lawren_Harris_Street_Scene_with_Figures,_Hamilton_~1919_oil_on_wood-pulp_board_103956.jpg",low,"from filename: Lawren_Harris_Street_Scene_with_Figures,_Hamilton_~1919_oil_on_wood-pulp_board_103956.jpg; from filename: Lawren_Harris_Street_Scene_with_Figures,_Hamilton_~1919_oil_on_wood-pulp_board_103956.jpg"
Toronto Houses,,1919,1919-1901,,,National Gallery of Canada,4579,Q59537988,http://www.wikidata.org/entity/Q59537988,high,
"Waterfall, Algoma Canyon, Algoma",,1919,"Waterfall, Algoma Canyon, Algoma 1919 oil on paperboard 103950",,,,,,"https://commons.wikimedia.org/wiki/File:Lawren_Harris_Waterfall,_Algoma_Canyon,_Algoma_1919_oil_on_paperboard_103950.jpg",low,"from filename: Lawren_Harris_Waterfall,_Algoma_Canyon,_Algoma_1919_oil_on_paperboard_103950.jpg; from filename: Lawren_Harris_Waterfall,_Algoma_Canyon,_Algoma_1919_oil_on_paperboard_103950.jpg"
Algoma Country,,1920,Algoma Country 1920 1921 oil on canvas 48 9,oil on canvas,,,,,https://commons.wikimedia.org/wiki/Category:Lawren_Harris|https://commons.wikimedia.org/wiki/File:Lawren_Harris_Algoma_Country_1920-1921_oil_on_canvas_48_9.jpg|local:data/images/commons/lawren-harris-algoma-country-1920-1921-oil-on-canvas-48-9-jpg.jpg,high,from filename: Lawren_Harris_Algoma_Country_1920-1921_oil_on_canvas_48_9.jpg; from filename: Lawren_Harris_Algoma_Country_1920-1921_oil_on_canvas_48_9.jpg; from filename: lawren-harris-algoma-country-1920-1921-oil-on-canvas-48-9-jpg.jpg; curated seed / cross-ref
Algoma Hill,,1920,1920,,,,,,https://www.wikiart.org/en/lawren-harris/algoma-hill-1920|https://www.wikiart.org/en/lawren-harris/all-works/text-list,high,curated seed / cross-ref
Algoma Sketch XXXI,,1920,Algoma Sketch XXXI ~1920 oil on wood 103968,oil on wood,,,,,https://commons.wikimedia.org/wiki/Category:Lawren_Harris|https://commons.wikimedia.org/wiki/File:Lawren_Harris_Algoma_Sketch_XXXI_~1920_oil_on_wood_103968.jpg|local:data/images/commons/lawren-harris-algoma-sketch-xxxi-1920-oil-on-wood-103968-jpg.jpg,high,from filename: Lawren_Harris_Algoma_Sketch_XXXI_~1920_oil_on_wood_103968.jpg; from filename: Lawren_Harris_Algoma_Sketch_XXXI_~1920_oil_on_wood_103968.jpg; from filename: lawren-harris-algoma-sketch-xxxi-1920-oil-on-wood-103968-jpg.jpg; curated seed / cross-ref
"Algoma Sketch, Autumn",Algoma Sketch Autumn,1920,"Algoma Sketch, Autumn ~1920 oil on wood 103960",oil on wood,,,,,"https://commons.wikimedia.org/wiki/Category:Lawren_Harris|https://commons.wikimedia.org/wiki/File:Lawren_Harris_Algoma_Sketch,_Autumn_~1920_oil_on_wood_103960.jpg|local:data/images/commons/lawren-harris-algoma-sketch-autumn-1920-oil-on-wood-103960-jpg.jpg",high,"from filename: Lawren_Harris_Algoma_Sketch,_Autumn_~1920_oil_on_wood_103960.jpg; from filename: Lawren_Harris_Algoma_Sketch,_Autumn_~1920_oil_on_wood_103960.jpg; from filename: lawren-harris-algoma-sketch-autumn-1920-oil-on-wood-103960-jpg.jpg; curated seed / cross-ref"
"Beaver Swamp, Algoma",,1920,"Beaver Swamp, Algoma 1920 oil on canvas 53 12",,,,,,"https://commons.wikimedia.org/wiki/File:Lawren_Harris_Beaver_Swamp,_Algoma_1920_oil_on_canvas_53_12.jpg",low,"from filename: Lawren_Harris_Beaver_Swamp,_Algoma_1920_oil_on_canvas_53_12.jpg; from filename: Lawren_Harris_Beaver_Swamp,_Algoma_1920_oil_on_canvas_53_12.jpg"
Formation of the group in,,1920,Formation of the group in 1920,,,,,,https://en.wikipedia.org/wiki/Lawren_Harris,medium,
Montreal River - Lawren S. Harris (c,,1920,1920,,,,,,https://www.flickr.com/photos/10484410@N03/34919201542,medium,
Mrs. Oscar Taylor,,1920,1920-1901,,,National Gallery of Canada,14668,Q59494067,http://www.wikidata.org/entity/Q59494067,high,
Silent Land,,1920,1920-1901,,,National Gallery of Canada,4755,Q59504875,http://www.wikidata.org/entity/Q59504875,high,
The Logic of Ecstasy: Canadian Mystical Painting,,1920,1920,,,,,,https://en.wikipedia.org/wiki/Lawren_Harris,medium,
"Toronto Street, Winter Morning",,1920,1920-1901,,,National Gallery of Canada,5010,Q59505608,http://www.wikidata.org/entity/Q59505608|https://en.wikipedia.org/wiki/Lawren_Harris,high,curated seed / cross-ref
Winter in the Ward,,1920,1920,,,,,,https://en.wikipedia.org/wiki/Lawren_Harris,high,curated seed / cross-ref
Beaver Pond,,1921,1921-1901,,,National Gallery of Canada,38020,Q59502622,http://www.wikidata.org/entity/Q59502622,high,
Billboard (Jazz),,1921,1921-1901,,,National Gallery of Canada,47043,Q63146199,http://www.wikidata.org/entity/Q63146199,high,
"Black Court, Halifax",,1921,1921-1901,,,National Gallery of Canada,5007,Q59505579,http://www.wikidata.org/entity/Q59505579|https://en.wikipedia.org/wiki/Lawren_Harris,high,curated seed / cross-ref
"Elevator Court, Halifax",,1921,1921,oil on canvas,,,,,https://en.wikipedia.org/wiki/Lawren_Harris,high,curated seed / cross-ref
"Fish Stage, Quidi Vidi, Newfoundland",,1921,1921-1901,,,National Gallery of Canada,30151,Q59533268,http://www.wikidata.org/entity/Q59533268,high,
Hurdy Gurdy,,1921,1921,,,,,,https://en.wikipedia.org/wiki/Lawren_Harris,high,curated seed / cross-ref
"January Thaw, Edge of Town",,1921,1921-1901,,,National Gallery of Canada,5005,Q59505564,http://www.wikidata.org/entity/Q59505564,high,
"Near Sand Lake, Algoma",,1921,1921-1901,,,National Gallery of Canada,6965,Q59506770,http://www.wikidata.org/entity/Q59506770,high,
Above Lake Superior,,1922,1922,"oil , canvas",,Art Gallery of Ontario,,,https://www.aci-iac.ca/art-books/lawren-harris/|https://www.wikiart.org/en/lawren-harris/above-lake-superior-1922,high,curated seed / cross-ref
"Above Lake Superior"" oil painting",,1922,1922,,,,,,https://www.flickr.com/photos/98686814@N00/46871747855,medium,
Algoma Sketch LXXXIV,,1922,Algoma Sketch LXXXIV ~1922 oil on paperboard 103948,oil on paperboard,,,,,https://commons.wikimedia.org/wiki/Category:Lawren_Harris|https://commons.wikimedia.org/wiki/File:Lawren_Harris_Algoma_Sketch_LXXXIV_~1922_oil_on_paperboard_103948.jpg|local:data/images/commons/lawren-harris-algoma-sketch-lxxxiv-1922-oil-on-paperboard-103948-jpg.jpg,high,from filename: Lawren_Harris_Algoma_Sketch_LXXXIV_~1922_oil_on_paperboard_103948.jpg; from filename: Lawren_Harris_Algoma_Sketch_LXXXIV_~1922_oil_on_paperboard_103948.jpg; from filename: lawren-harris-algoma-sketch-lxxxiv-1922-oil-on-paperboard-103948-jpg.jpg; curated seed / cross-ref
Italian Store in the Ward,,1922,1922-1901,,,National Gallery of Canada,5012,Q59505642,http://www.wikidata.org/entity/Q59505642,high,
"Clouds, Lake Superior",,1923,1923,,,,,,catalogue: The Idea of North,high,curated seed / cross-ref
"Coldwell Bay, North of Lake Superior",,1923,1923-1901,,,National Gallery of Canada,4598,Q59504695,http://www.wikidata.org/entity/Q59504695,high,
"First Snow, North Shore of Lake Superior",,1923,1923,,,Vancouver Art Gallery,,,https://www.aci-iac.ca/art-books/lawren-harris/,high,curated seed / cross-ref
"Ice House, Coldwell, Lake Superior",,1923,1923,,,,,,https://www.wikiart.org/en/lawren-harris/all-works/text-list|https://www.wikiart.org/en/lawren-harris/ice-house-coldwell-lake-superior-1923,high,curated seed / cross-ref
Lawren Harris Pic Island,,1923,1923,,,,,,file:commons_Paintings_by_Lawren_Harris.html|file:commons_cat_Paintings_by_Lawren_Harris.html,low,
Pic Island,,1923,"Pic Island, 1923 oil on wood panel McMichaels",,,,,,"https://commons.wikimedia.org/wiki/File:Lawren_Harris_Pic_Island,_1923_oil_on_wood_panel_McMichaels.jpg",low,"from filename: Lawren_Harris_Pic_Island,_1923_oil_on_wood_panel_McMichaels.jpg; from filename: Lawren_Harris_Pic_Island,_1923_oil_on_wood_panel_McMichaels.jpg"
Untitled (Lake Superior),,1923,1923,oil on board,,,,,catalogue: The Idea of North (Hammer Museum 2016),high,curated seed / cross-ref
"Afternoon Sun, Lake Superior",,1924,1924,,,,,,https://www.wikiart.org/en/lawren-harris/afternoon-sun-lake-superior-1924|https://www.wikiart.org/en/lawren-harris/all-works/text-list,high,curated seed / cross-ref
"Afternoon Sun, North Shore, Lake Superior",,1924,1924-1901,,,National Gallery of Canada,3351,Q59498757,http://www.wikidata.org/entity/Q59498757,high,
"Afternoon, Lake Superior",,1924,1924,,,,,,catalogue: Lawren Harris Nature and Abstraction,high,curated seed / cross-ref
"From Opabin Pass, Rocky Mountains",,1924,1924-1901,,,National Gallery of Canada,4596,Q59504686,http://www.wikidata.org/entity/Q59504686,high,
"Islands, Lake Superior",,1924,1924,,,,,,catalogue: The Idea of North,high,curated seed / cross-ref
Lawren Harris: North by West; The Arctic and Rocky Mountain Paintings of Lawren Harris,,1924,1924,,,,,,https://en.wikipedia.org/wiki/Lawren_Harris,medium,
"Maligne Lake, Jasper Park",,1924,1924,oil on canvas,,National Gallery of Canada,3541,Q59499692,http://www.wikidata.org/entity/Q59499692|https://www.wikiart.org/en/lawren-harris/all-works/text-list|https://www.wikiart.org/en/lawren-harris/maligne-lake-jasper-park-1924,high,curated seed / cross-ref
"Pic Island, Lake Superior",,1924,1924,oil on canvas,,National Gallery of Canada,16441,Q59503728,http://www.wikidata.org/entity/Q59503728|https://www.wikiart.org/en/lawren-harris/all-works/text-list|https://www.wikiart.org/en/lawren-harris/pic-island-lake-superior-1924,high,curated seed / cross-ref
"Pine Tree and Red House, Winter City",,1924,1924,,,,,,https://www.wikiart.org/en/lawren-harris/all-works/text-list|https://www.wikiart.org/en/lawren-harris/pine-tree-and-red-house-winter-city-1924,high,curated seed / cross-ref
"Pine Tree and Red House, Winter, City Painting II",,1924,1924,,,,,,https://en.wikipedia.org/wiki/Lawren_Harris,high,curated seed / cross-ref
Q138809335,,1924,1924-1901,,,Musée national des beaux-arts du Québec,2023.122,Q138809335,http://www.wikidata.org/entity/Q138809335,high,
Trees and Snow,,1924,Trees and Snow 1924 oil on wood pulp board 103964,,,,,,https://commons.wikimedia.org/wiki/File:Lawren_Harris_Trees_and_Snow_1924_oil_on_wood-pulp_board_103964.jpg,low,from filename: Lawren_Harris_Trees_and_Snow_1924_oil_on_wood-pulp_board_103964.jpg; from filename: Lawren_Harris_Trees_and_Snow_1924_oil_on_wood-pulp_board_103964.jpg
"High Country, Lake Superior",,1925,1925-1901,,,National Gallery of Canada,4599,Q59504697,http://www.wikidata.org/entity/Q59504697,high,
"Miners' Houses, Glace Bay",,1925,1925-1901,oil on canvas,,Art Gallery of Ontario,69/122,Q135103695,http://www.wikidata.org/entity/Q135103695|https://en.wikipedia.org/wiki/Lawren_Harris,high,curated seed / cross-ref
"Noon from Slate Island, Lake Superior",,1925,1925-1901,,,National Gallery of Canada,4597,Q59504690,http://www.wikidata.org/entity/Q59504690,high,
Red House,"Red House, Winter",1925,1925,,,National Gallery of Canada,5013,Q59505409,http://www.wikidata.org/entity/Q59505409|https://www.wikiart.org/en/lawren-harris/all-works/text-list|https://www.wikiart.org/en/lawren-harris/red-house-1925,high,curated seed / cross-ref
Aftermath of Storm - Lake Superior Sketch XXXIV,,1926,1926,,,,,,https://www.wikiart.org/en/lawren-harris/aftermath-of-storm-lake-superior-sketch-xxxiv-1926|https://www.wikiart.org/en/lawren-harris/all-works/text-list,high,curated seed / cross-ref
Lake Superior Sketch XXXVII,,1926,1926,,,,,,catalogue: Lawren Harris Higher States,high,curated seed / cross-ref
"Lake Superior Sketch, No. 63",,1926,1926-1901,,,National Gallery of Canada,16550,Q59536363,http://www.wikidata.org/entity/Q59536363,high,
Mountain Forms,,1926,1926,oil on canvas,,,,,https://de.wikipedia.org/wiki/Lawren_Harris|https://www.wikiart.org/en/lawren-harris/mountain-forms-1926,high,curated seed / cross-ref
"North Shore, Lake Superior",,1926,1926,"oil , canvas",102.2 x 128.3 cm,National Gallery of Canada,3708,Q59501831,"http://www.wikidata.org/entity/Q59501831|http://www.wikidata.org/entity/Q59504587|http://www.wikidata.org/entity/Q59571719|https://commons.wikimedia.org/wiki/File:Lawren_Harris_North_Shore,_Lake_Superior_1926.jpg|https://en.wikipedia.org/wiki/Lawren_Harris|https://www.flickr.com/photos/10297518@N00/50066943226|https://www.gallery.ca/collection/artwork/north-shore-lake-superior-0|https://www.wikiart.org/en/lawren-harris/north-shore-lake-superior-1926",high,"alt year 1924; from filename: Lawren_Harris_North_Shore,_Lake_Superior_1926.jpg; from filename: Lawren_Harris_North_Shore,_Lake_Superior_1926.jpg; curated seed / cross-ref"
Northern Lake,,1926,1926,,,,,,catalogue: Lawren Harris A Painter's Progress,high,curated seed / cross-ref
The Old Stump,,1926,1926,,,,,,https://en.wikipedia.org/wiki/Lawren_Harris,high,curated seed / cross-ref
Emily Carr: Lawren Harris and Theosophy,,1927,1927,,,,,,https://en.wikipedia.org/wiki/Lawren_Harris,medium,
Figure with Rais of Light (Arctic Group III) ~ oli on,,1927,Figure with Rais of Light (Arctic Group III) ~1927 oli on canvas 103937,,,,,,https://commons.wikimedia.org/wiki/File:Lawren_Harris_Figure_with_Rais_of_Light_(Arctic_Group_III)_~1927_oli_on_canvas_103937.jpg,low,from filename: Lawren_Harris_Figure_with_Rais_of_Light_(Arctic_Group_III)_~1927_oli_on_canvas_103937.jpg; from filename: Lawren_Harris_Figure_with_Rais_of_Light_(Arctic_Group_III)_~1927_oli_on_canvas_103937.jpg
"From the North Shore, Lake Superior",,1927,1927,,,,,,https://www.wikiart.org/en/lawren-harris/all-works/text-list|https://www.wikiart.org/en/lawren-harris/from-the-north-shore-lake-superior-1927,high,curated seed / cross-ref
Lake and Mountains,,1928,1928,oil on canvas,,Art Gallery of Ontario,,,https://de.wikipedia.org/wiki/Lawren_Harris|https://www.aci-iac.ca/art-books/lawren-harris/|https://www.wikiart.org/en/lawren-harris/lake-and-mountains-1928,high,curated seed / cross-ref
Lake Superior,Lake Superior around,1928,1928,,,National Gallery of Canada,15477,Q59496888,http://www.wikidata.org/entity/Q59496888|https://commons.wikimedia.org/wiki/File:Lawren_Harris_Lake_Superior_around_1923.jpg|https://commons.wikimedia.org/wiki/File:Lawren_Harris_Lake_Superior_around_1924.jpg|https://www.wikiart.org/en/lawren-harris/all-works/text-list|https://www.wikiart.org/en/lawren-harris/lake-superior-1928,high,alt year 1923; from filename: Lawren_Harris_Lake_Superior_around_1923.jpg; alt year 1923; from filename: Lawren_Harris_Lake_Superior_around_1923.jpg; alt year 1924; from filename: Lawren_Harris_Lake_Superior_around_1924.jpg; alt year 1924; from filename: Lawren_Harris_Lake_Superior_around_1924.jpg; curated seed / cross-ref
Yearbook of the Arts in Canada,,1928,1928,,,,,,https://en.wikipedia.org/wiki/Lawren_Harris,medium,
Church at Yuquot Village,,1929,1929,,,,,,https://en.wikipedia.org/wiki/Lawren_Harris,high,curated seed / cross-ref
Mount Robson,,1929,1929,,,,,,catalogue: The Idea of North (Hammer Museum 2016),high,curated seed / cross-ref
Mount Robson from the North East,,1929,Mount Robson from the North East 1929 oil on paperboeard 103970,,,,,,https://commons.wikimedia.org/wiki/File:Lawren_Harris_Mount_Robson_from_the_North_East_1929_oil_on_paperboeard_103970.jpg,low,from filename: Lawren_Harris_Mount_Robson_from_the_North_East_1929_oil_on_paperboeard_103970.jpg; from filename: Lawren_Harris_Mount_Robson_from_the_North_East_1929_oil_on_paperboeard_103970.jpg
Mount Robson from the South East,,1929,Mount Robson from the South East 1929 oil on paperboard 106736,,,,,,https://commons.wikimedia.org/wiki/File:Lawren_Harris_Mount_Robson_from_the_South_East_1929_oil_on_paperboard_106736.jpg,low,from filename: Lawren_Harris_Mount_Robson_from_the_South_East_1929_oil_on_paperboard_106736.jpg; from filename: Lawren_Harris_Mount_Robson_from_the_South_East_1929_oil_on_paperboard_106736.jpg
Mountain Sketch LXV,,1929,Mountain Sketch LXV ~1929 oil on paperboard 103959,,,,,,https://commons.wikimedia.org/wiki/File:Lawren_Harris_Mountain_Sketch_LXV_~1929_oil_on_paperboard_103959.jpg,low,from filename: Lawren_Harris_Mountain_Sketch_LXV_~1929_oil_on_paperboard_103959.jpg; from filename: Lawren_Harris_Mountain_Sketch_LXV_~1929_oil_on_paperboard_103959.jpg
Mountains and Lake,,1929,1929,,,,,,https://www.wikiart.org/en/lawren-harris/all-works/text-list|https://www.wikiart.org/en/lawren-harris/mountaisn-and-lake-1929,high,curated seed / cross-ref
"Study 'Lighthouse, Father Point",,1929,1929,,,National Gallery of Canada,,,https://www.gallery.ca/magazine/your-collection/higher-states-lawren-s-harris-and-his-north-american-contemporaries,high,curated seed / cross-ref
"Study for ""Lighthouse, Father Point",,1929,1929-1901,,,National Gallery of Canada,36121,Q59533944,http://www.wikidata.org/entity/Q59533944,high,
"2 A.M., Buchanan Bay, Ellesmere Island",,1930,1930,oil on wood pulp board,,,,,https://commons.wikimedia.org/wiki/Category:Lawren_Harris,high,curated seed / cross-ref
"2 am Buchanan Bay, Elsmere Island",2 Am Buchanan Bay Elsmere Island,1930,"2 am Buchanan Bay, Elsmere Island 1930 oil on wood pulp board 2004 37",,,,,,"https://commons.wikimedia.org/wiki/File:Lawren_Harris_2_am_Buchanan_Bay,_Elsmere_Island_1930_oil_on_wood-pulp_board_2004-37.jpg|local:data/images/commons/lawren-harris-2-am-buchanan-bay-elsmere-island-1930-oil-on-wood-pulp-board-2004-37-jpg.jpg",low,"from filename: Lawren_Harris_2_am_Buchanan_Bay,_Elsmere_Island_1930_oil_on_wood-pulp_board_2004-37.jpg; from filename: Lawren_Harris_2_am_Buchanan_Bay,_Elsmere_Island_1930_oil_on_wood-pulp_board_2004-37.jpg; from filename: lawren-harris-2-am-buchanan-bay-elsmere-island-1930-oil-on-wood-pulp-board-2004-37-jpg.jpg"
"Arctic Peaks, North Shore, Baffin Island",,1930,"Arctic Peaks, North Shore, Baffin Island 1930 oil on canvas 103936",,,,,,"https://commons.wikimedia.org/wiki/File:Lawren_Harris_Arctic_Peaks,_North_Shore,_Baffin_Island_1930_oil_on_canvas_103936.jpg",low,"from filename: Lawren_Harris_Arctic_Peaks,_North_Shore,_Baffin_Island_1930_oil_on_canvas_103936.jpg; from filename: Lawren_Harris_Arctic_Peaks,_North_Shore,_Baffin_Island_1930_oil_on_canvas_103936.jpg"
Arctic Tent Camp,,1930,1930,,,,,,catalogue: The Idea of North,high,curated seed / cross-ref
Bylot Island,Bylot Island I,1930,1930,oil on canvas,,,,,https://en.wikipedia.org/wiki/Lawren_Harris,high,curated seed / cross-ref; curated seed / cross-ref
"Bylot Island, South Shore from Eclipse Sound, Arctic Scetches XXXIV",,1930,"Bylot Island, South Shore from Eclipse Sound, Arctic Scetches XXXIV 1930 oil on paperboard 103972",,,,,,"https://commons.wikimedia.org/wiki/File:Lawren_Harris_Bylot_Island,_South_Shore_from_Eclipse_Sound,_Arctic_Scetches_XXXIV_1930_oil_on_paperboard_103972.jpg",low,"from filename: Lawren_Harris_Bylot_Island,_South_Shore_from_Eclipse_Sound,_Arctic_Scetches_XXXIV_1930_oil_on_paperboard_103972.jpg; from filename: Lawren_Harris_Bylot_Island,_South_Shore_from_Eclipse_Sound,_Arctic_Scetches_XXXIV_1930_oil_on_paperboard_103972.jpg"
"Clyde Inlet, Baffin Island",,1930,"Clyde Inlet, Baffin Island ~1930 oil on wood pulp board 103969",,,,,,"https://commons.wikimedia.org/wiki/File:Lawren_Harris_Clyde_Inlet,_Baffin_Island_~1930_oil_on_wood-pulp_board_103969.jpg",low,"from filename: Lawren_Harris_Clyde_Inlet,_Baffin_Island_~1930_oil_on_wood-pulp_board_103969.jpg; from filename: Lawren_Harris_Clyde_Inlet,_Baffin_Island_~1930_oil_on_wood-pulp_board_103969.jpg"
Four Decades: The Canadian Group of Painters and Their Contemporaries,,1930,1930,,,,,,https://en.wikipedia.org/wiki/Lawren_Harris,medium,
Greenland Mountains,,1930,1930-1901,,,National Gallery of Canada,4279,Q59504014,http://www.wikidata.org/entity/Q59504014|https://www.gallery.ca/,high,curated seed / cross-ref
"Icebergs, Davis Strait",,1930,1930,oil on canvas,,McMichael Canadian Art Collection,,,https://www.aci-iac.ca/art-books/lawren-harris/,high,curated seed / cross-ref
"Isolation Peak, Rocky Mountains",,1930,1930,oil on canvas,,"Hart House, University of Toronto",,,https://www.aci-iac.ca/art-books/lawren-harris/|https://www.wikiart.org/en/lawren-harris/isolation-peak-rocky-mountains-1930,high,curated seed / cross-ref
"Lake Harbour, South Shore, Baffin Island, Morning",,1930,1930-1901,,,National Gallery of Canada,4594,Q59504678,http://www.wikidata.org/entity/Q59504678,high,
"Lighthouse, Father Point",,1930,1930-1901,,,National Gallery of Canada,5011,Q59505621,http://www.wikidata.org/entity/Q59505621,high,
Mount Lefroy,"Mount Lefroy, c",1930,1930,oil on canvas,,McMichael Canadian Art Collection,,,http://www.manorhillfineart.com/pagefiles/viewartwork_detail.asp?pid=RCANLH13|https://commons.wikimedia.org/wiki/File:Lawren_Harris_Mount_Lefroy_~1929_oil_on_paperboard_103974.jpg|https://fineartamerica.com/featured/mount-lefroy-1930-by-lawren-harris-lawren-stewart-harris.html|https://fineartamerica.com/featured/mount-lefroy-by-lawren-harris-1930-lawren-harris.html|https://mcmichael.com/acquisitions/lawren-harris-mt-lefroy-1929/|https://wanderingvertexes.blogspot.com/2018/11/mount-lefroy-by-lawren-s-harris.html|https://www.aci-iac.ca/art-books/lawren-harris/|https://www.wikiart.org/en/lawren-harris/mount-lefroy-1930,high,from filename: Lawren_Harris_Mount_Lefroy_~1929_oil_on_paperboard_103974.jpg; from filename: Lawren_Harris_Mount_Lefroy_~1929_oil_on_paperboard_103974.jpg; curated seed / cross-ref
"Mount Lefroy"" oil painting",,1930,1930,,,,,,https://www.flickr.com/photos/98686814@N00/40821777393,medium,
"Mount Thule, Bylot Island",,1930,1930,,,,,,https://www.wikiart.org/en/lawren-harris/all-works/text-list|https://www.wikiart.org/en/lawren-harris/mount-thule-bylot-island-1930,high,curated seed / cross-ref
Mountain and Glacier,,1930,1930,,,,,,catalogue: The Idea of North,high,curated seed / cross-ref
"Near Lake Harbour, Baffin Island South",,1930,1930-1901,,,National Gallery of Canada,4595,Q59504681,http://www.wikidata.org/entity/Q59504681,high,
"Nerke, Greenland",,1930,1930,,,,,,https://www.wikiart.org/en/lawren-harris/all-works/text-list|https://www.wikiart.org/en/lawren-harris/nerke-greenland-1930,high,curated seed / cross-ref
North Greenland,,1930,1930-1901,,,National Gallery of Canada,6966,Q59506773,http://www.wikidata.org/entity/Q59506773,high,
"North Greenland Coast, Arctic Sketch XXV",,1930,"North Greenland Coast, Arctic Sketch XXV 1930 oil on paperboard 103955",,,,,,"https://commons.wikimedia.org/wiki/File:Lawren_Harris_North_Greenland_Coast,_Arctic_Sketch_XXV_1930_oil_on_paperboard_103955.jpg",low,"from filename: Lawren_Harris_North_Greenland_Coast,_Arctic_Sketch_XXV_1930_oil_on_paperboard_103955.jpg; from filename: Lawren_Harris_North_Greenland_Coast,_Arctic_Sketch_XXV_1930_oil_on_paperboard_103955.jpg"
"North Shore, Baffin Island","North Shore, Baffin Island I|North Shore, Baffin Island II",1930,1930-1901,,,National Gallery of Canada,4561,Q59504510,http://www.wikidata.org/entity/Q59504510|http://www.wikidata.org/entity/Q59505596|http://www.wikidata.org/entity/Q59517082,high,
Baffin Island,,1931,1931,,,,,,https://www.wikiart.org/en/lawren-harris/all-works/text-list|https://www.wikiart.org/en/lawren-harris/baffin-island-1931,high,curated seed / cross-ref
Baffin Island Mountains,,1931,Baffin Island Mountains ~1931 oil on canvas 103944,,,,,,https://commons.wikimedia.org/wiki/File:Lawren_Harris_Baffin_Island_Mountains_~1931_oil_on_canvas_103944.jpg,low,from filename: Lawren_Harris_Baffin_Island_Mountains_~1931_oil_on_canvas_103944.jpg; from filename: Lawren_Harris_Baffin_Island_Mountains_~1931_oil_on_canvas_103944.jpg
"South Shore, Baffin Island",,1931,1931,,,,,,https://en.wikipedia.org/wiki/Lawren_Harris,high,curated seed / cross-ref
Winter comes from the Arctic to the Temperate Zone,,1935,1935,,,,,,https://www.wikiart.org/en/lawren-harris/all-works/text-list|https://www.wikiart.org/en/lawren-harris/winter-comes-from-the-arctic-to-the-temperate-zone-1935,high,curated seed / cross-ref
Abstract Sketch,,1936,1936-1901,,,National Gallery of Canada,17614,Q63148023,http://www.wikidata.org/entity/Q63148023|https://www.gallery.ca/magazine/your-collection/higher-states-lawren-s-harris-and-his-north-american-contemporaries,high,curated seed / cross-ref
Equations in Space,,1936,1936-1901,,,National Gallery of Canada,15673,Q59497205,http://www.wikidata.org/entity/Q59497205,high,
Abstract Painting #98,Abstract Painting,1938,1938,,,National Gallery of Canada,36165,Q59499947,http://www.wikidata.org/entity/Q59499947|https://www.wikiart.org/en/lawren-harris/abstract-painting-98-1938|https://www.wikiart.org/en/lawren-harris/all-works/text-list,high,alt year 1950; curated seed / cross-ref
Hanover Abstract,,1938,1938,,,,,,https://www.wikiart.org/en/lawren-harris/all-works/text-list|https://www.wikiart.org/en/lawren-harris/hanover-abstract-1938,high,curated seed / cross-ref
Abstract No. 7,Abstract,1939,1939,,,,,,https://www.wikiart.org/en/lawren-harris/abstract|https://www.wikiart.org/en/lawren-harris/abstract-no-7-1939|https://www.wikiart.org/en/lawren-harris/all-works/text-list,high,curated seed / cross-ref; curated seed / cross-ref
"Abstraction, No. 3",Abstraction,1939,1939-1901,,,Yale University Art Gallery,1950.42,Q49195217,http://www.wikidata.org/entity/Q49195217|http://www.wikidata.org/entity/Q59506925,high,
White Triangle,,1939,1939-1901,,,National Gallery of Canada,17159,Q59507531,http://www.wikidata.org/entity/Q59507531|https://www.gallery.ca/magazine/your-collection/higher-states-lawren-s-harris-and-his-north-american-contemporaries,high,curated seed / cross-ref
Abstract Painting #20,,1942,1942,,,,,,https://www.wikiart.org/en/lawren-harris/abstract-painting-20-1942|https://www.wikiart.org/en/lawren-harris/all-works/text-list,high,curated seed / cross-ref
LSH 21,,1942,1942,,,,,,https://www.wikiart.org/en/lawren-harris/all-works/text-list|https://www.wikiart.org/en/lawren-harris/lsh-21-1942,high,curated seed / cross-ref
Abstract Painting No. 20,,1943,1943-1901,,,National Gallery of Canada,5016,Q59505415,http://www.wikidata.org/entity/Q59505415|https://de.wikipedia.org/wiki/Lawren_Harris,high,
Intimations,,1943,1943,,,,,,https://www.wikiart.org/en/lawren-harris/all-works/text-list|https://www.wikiart.org/en/lawren-harris/intimations-1943,high,curated seed / cross-ref
"Sketch Painted in Santa Fe, New Mexico",,1944,1944,,,,,,https://www.wikiart.org/en/lawren-harris/all-works/text-list|https://www.wikiart.org/en/lawren-harris/sketch-painted-in-santa-fe-new-mexico-1944,high,curated seed / cross-ref
Zu seinen Lebzeiten war Lawren Harris Werke Gegenstand zweier Retrospektiven,,1948,1948,,,,,,https://de.wikipedia.org/wiki/Lawren_Harris,medium,
LSH 134,,1950,1950,,,,,,https://www.wikiart.org/en/lawren-harris/all-works/text-list|https://www.wikiart.org/en/lawren-harris/lsh-134-1950,high,curated seed / cross-ref
Nature Rhythms,,1950,1950,,,National Gallery of Canada,17160,Q59506921,http://www.wikidata.org/entity/Q59506921|https://www.wikiart.org/en/lawren-harris/all-works/text-list|https://www.wikiart.org/en/lawren-harris/nature-rhythms-1950,high,curated seed / cross-ref
Untitled,,1951,1951,,,National Gallery of Canada,30032,Q59533205,http://www.wikidata.org/entity/Q59533205|https://www.wikiart.org/en/lawren-harris/all-works/text-list|https://www.wikiart.org/en/lawren-harris/untitled-1951,high,alt year 1968; curated seed / cross-ref
Abstraction 30,Abstraction,1955,1955,,,,,,https://www.wikiart.org/en/lawren-harris/abstraction-1964|https://www.wikiart.org/en/lawren-harris/abstraction-30-1955|https://www.wikiart.org/en/lawren-harris/all-works/text-list,high,alt year 1964; alt year 1964; curated seed / cross-ref; alt year 1964; curated seed / cross-ref
LSH 83,,1957,1957,,,,,,https://www.wikiart.org/en/lawren-harris/all-works/text-list|https://www.wikiart.org/en/lawren-harris/lsh-83-1957,high,curated seed / cross-ref
Calligraph Forming,,1958,1958,,,,,,https://www.wikiart.org/en/lawren-harris/all-works/text-list|https://www.wikiart.org/en/lawren-harris/calligraph-forming-1958,high,curated seed / cross-ref
The Spirit of Remote Hills,,1958,1958,,,,,,https://www.wikiart.org/en/lawren-harris/all-works/text-list|https://www.wikiart.org/en/lawren-harris/the-spirit-of-remote-hills-1958,high,curated seed / cross-ref
January 29,,1970,1970,,,,,,https://en.wikipedia.org/wiki/Lawren_Harris,medium,
Abstraction 119,,,None,,,,,,catalogue: Higher States,high,curated seed / cross-ref
at his studio (I0014621),,,at his studio (I0014621),,,,,,https://commons.wikimedia.org/wiki/File:Lawren_Harris_at_his_studio_(I0014621).jpg,low,from filename: Lawren_Harris_at_his_studio_(I0014621).jpg; from filename: Lawren_Harris_at_his_studio_(I0014621).jpg
at his studio (I0014622),,,at his studio (I0014622),,,,,,https://commons.wikimedia.org/wiki/File:Lawren_Harris_at_his_studio_(I0014622).jpg,low,from filename: Lawren_Harris_at_his_studio_(I0014622).jpg; from filename: Lawren_Harris_at_his_studio_(I0014622).jpg
at his studio (I0014623),,,at his studio (I0014623),,,,,,https://commons.wikimedia.org/wiki/File:Lawren_Harris_at_his_studio_(I0014623).jpg,low,from filename: Lawren_Harris_at_his_studio_(I0014623).jpg; from filename: Lawren_Harris_at_his_studio_(I0014623).jpg; from filename: Lawren_Harris_at_his_studio_(I0014623).jpg
"Earley Houses, Reading, Berkshire",,,,,,University of Reading,10479,Q119721316,http://www.wikidata.org/entity/Q119721316,high,
in his Vancouver Studio,,,in his Vancouver Studio,,,,,,https://commons.wikimedia.org/wiki/File:Lawren_Harris_in_his_Vancouver_Studio.jpg,low,from filename: Lawren_Harris_in_his_Vancouver_Studio.jpg; from filename: Lawren_Harris_in_his_Vancouver_Studio.jpg
Joan Murray: *Canadian Art in the Twentieth Century*. Toronto,,,1999,,,,,,https://de.wikipedia.org/wiki/Lawren_Harris,medium,
Lauren Harris at his studio (I0014624),,,Lauren Harris at his studio (I0014624),,,,,,https://commons.wikimedia.org/wiki/File:Lauren_Harris_at_his_studio_(I0014624).jpg,low,from filename: Lauren_Harris_at_his_studio_(I0014624).jpg; from filename: Lauren_Harris_at_his_studio_(I0014624).jpg
Lauren Harris write up on Uncle Jack,,,Lauren Harris write up on Uncle Jack,,,,,,https://commons.wikimedia.org/wiki/File:Lauren_Harris_write_up_on_Uncle_Jack.jpg,low,from filename: Lauren_Harris_write_up_on_Uncle_Jack.jpg; from filename: Lauren_Harris_write_up_on_Uncle_Jack.jpg
Mus E D Orsay Paris 35486993474,,,mus e d orsay paris 35486993474,,,,,,local:data/images/commons/decorative-landscape-by-lawren-harris-mus-e-d-orsay-paris-35486993474-jpg.jpg,low,from filename: decorative-landscape-by-lawren-harris-mus-e-d-orsay-paris-35486993474-jpg.jpg
"Mus%C3%A9e d%27Orsay, Paris (35486993474)",,,", Mus%C3%A9e d%27Orsay, Paris (35486993474)",,,,,,"https://commons.wikimedia.org/wiki/File:Decorative_Landscape,_by_Lawren_Harris,_Mus%C3%A9e_d%27Orsay,_Paris_(35486993474).jpg",low,"from filename: Decorative_Landscape,_by_Lawren_Harris,_Mus%C3%A9e_d%27Orsay,_Paris_(35486993474).jpg; from filename: Decorative_Landscape,_by_Lawren_Harris,_Mus%C3%A9e_d%27Orsay,_Paris_(35486993474).jpg"
North Shore of Lake Superior,,,,,,,,,https://www.flickr.com/photos/81556146@N00/52322634836,medium,
O.S.A. (I0007779),,,", O.S.A. (I0007779)",,,,,,"https://commons.wikimedia.org/wiki/File:Lawren_S._Harris,_O.S.A._(I0007779).jpg",low,"from filename: Lawren_S._Harris,_O.S.A._(I0007779).jpg; from filename: Lawren_S._Harris,_O.S.A._(I0007779).jpg"
O.S.A. (I0023644),,,", O.S.A. (I0023644)",,,,,,"https://commons.wikimedia.org/wiki/File:Lawren_S._Harris,_O.S.A._(I0023644).jpg",low,"from filename: Lawren_S._Harris,_O.S.A._(I0023644).jpg; from filename: Lawren_S._Harris,_O.S.A._(I0023644).jpg"
"Pines and Sumac, Evening",,,,,,National Gallery of Canada,29451,Q59548651,http://www.wikidata.org/entity/Q59548651,high,
Seacoast Landscape,,,,,,Princeton Art Museum,y1939-36,Q106768901,http://www.wikidata.org/entity/Q106768901,high,
Shoreline,,,,,,,,,https://www.wikiart.org/en/lawren-harris/all-works/text-list|https://www.wikiart.org/en/lawren-harris/shoreline,high,curated seed / cross-ref
"The Earth, The Sun and the Moon",,,None,,,,,,catalogue: Higher States,high,curated seed / cross-ref
The Turning Earth,,,None,,,,,,catalogue: Higher States,high,curated seed / cross-ref
