key,source,title,year,date_raw,collection,inventory_no,medium,dimensions,genre,style,description,license,page_url,image_url,local_path,sha256,width,height,wikidata_id,confidence,notes
openverse:7c2f73ef-cccb-4086-b19c-0ef82bd5dd58,openverse,Lawren Harris - North Shore of Lake Superior,,,flickr,,,,,,,CC by-sa 2.0,https://www.flickr.com/photos/81556146@N00/52322634836,https://live.staticflickr.com/65535/52322634836_a0982bdb05_b.jpg,data/swarm/archives/images/openverse/7c2f73ef-cccb-4086-b19c-0ef82bd5dd58.jpg,7faa1f04e9dad268480b794542fca097664bec4a7e03a49e211b657ea00f8504,1024,853,,medium,Openverse/flickr; artist + known work title; creator='Ross Dunn'
openverse:9234c627-de86-4a2f-b365-9ebb79952087,openverse,Return from church - Lawren Harris,,,flickr,,,,,,,CC by-sa 2.0,https://www.flickr.com/photos/81556146@N00/52323073360,https://live.staticflickr.com/65535/52323073360_16fa937a6e_b.jpg,data/swarm/archives/images/openverse/9234c627-de86-4a2f-b365-9ebb79952087.jpg,7dc241e3468d93d0deaf1318f3b394d3dff21e0a18bd5ba47137f523a77754a7,1024,909,,medium,Openverse/flickr; artist + known work title; creator='Ross Dunn'
openverse:18f8dca8-7fcb-4dba-9d09-be15b8763eec,openverse,Lighthouse - Lawren Harris,,,flickr,,,,,,,CC by-sa 2.0,https://www.flickr.com/photos/81556146@N00/52320276649,https://live.staticflickr.com/65535/52320276649_f5a08d55c2_b.jpg,data/swarm/archives/images/openverse/18f8dca8-7fcb-4dba-9d09-be15b8763eec.jpg,95762237d590453789f91ee6e24e567ab733b5e86856a414bdd7006e8d639761,1024,768,,medium,Openverse/flickr; artist + known work title; creator='Ross Dunn'
openverse:d44da81b-f0e7-4a25-a98f-63be58f2ab9c,openverse,Modern Lawren Harris painting?,,,flickr,,,,,,,CC by-nc-nd 2.0,https://www.flickr.com/photos/48337276@N00/12258182506,https://live.staticflickr.com/5474/12258182506_ba99da046d_b.jpg,data/swarm/archives/images/openverse/d44da81b-f0e7-4a25-a98f-63be58f2ab9c.jpg,4d0877b89e795c455bd536aad55646563a7374c7bbefdcf1e8aebd94b8abc748,1024,768,,low,Openverse/flickr; artist + known work title; creator='pigdump'; uncertain title
openverse:48ee76b6-1c77-4bd8-ab9b-31a1ae95cf87,openverse,Mount Robson - Lawren Harris,,,flickr,,,,,,,CC by-sa 2.0,https://www.flickr.com/photos/49169223@N00/52654015603,https://live.staticflickr.com/65535/52654015603_298853b4bb_b.jpg,data/swarm/archives/images/openverse/48ee76b6-1c77-4bd8-ab9b-31a1ae95cf87.jpg,3744962048b6f00421ab43b9070adccd19bd7d5be3ce431468a024f358877799,1024,768,,medium,Openverse/flickr; artist + known work title; creator='daryl_mitchell'
openverse:909c0734-0f76-4569-ae99-c6a798529467,openverse,"“Above Lake Superior” oil painting, 1922 by Lawren Harris http://bit.ly/2Vi4eJ0",1922,,flickr,,,,,,,CC by-nc-nd 2.0,https://www.flickr.com/photos/98686814@N00/46871747855,https://live.staticflickr.com/65535/46871747855_4ce63aed0a.jpg,data/swarm/archives/images/openverse/909c0734-0f76-4569-ae99-c6a798529467.jpg,07dca8a4060e38b1231735b542125aaca73059d2de8109190db14aeff0323fd4,500,414,,high,Openverse/flickr; artist + known work title; creator='doigstar1'
openverse:c69a1c94-4455-4191-84a0-ec44b6c62997,openverse,"“Mount Lefroy” oil painting, 1930 by Lawren Harris http://bit.ly/2H5w4hl",1930,,flickr,,,,,,,CC by-nc-nd 2.0,https://www.flickr.com/photos/98686814@N00/40821777393,https://live.staticflickr.com/65535/40821777393_6709f1b0dd.jpg,data/swarm/archives/images/openverse/c69a1c94-4455-4191-84a0-ec44b6c62997.jpg,d3299d08ddd82734f0dedd831586eaad06e44b15cc39a64deb6e4214020fce4f,500,437,,high,Openverse/flickr; artist + known work title; creator='doigstar1'
openverse:30ffc80e-9345-4893-ac4b-b697286c3d53,openverse,Northern Painting 25 - Lawren Harris,,,flickr,,,,,,,CC by-nc-sa 2.0,https://www.flickr.com/photos/10297518@N00/53610820843,https://live.staticflickr.com/65535/53610820843_2c610484e6_b.jpg,data/swarm/archives/images/openverse/30ffc80e-9345-4893-ac4b-b697286c3d53.jpg,a012d575842dc3053db1342719f6cd0a9379d8a6d5e75b7c6704fdbaf62a8377,1024,683,,high,Openverse/flickr; artist + known work title; creator='¡Carlitos'
openverse:2e59a95f-cfbb-4029-b4cc-f6b74245cd2d,openverse,"harris, lawrence, lake and mountains",,,flickr,,,,,,,CC by-sa 2.0,https://www.flickr.com/photos/70693287@N00/3393492125,https://live.staticflickr.com/3562/3393492125_c0049e28f6_m.jpg,data/swarm/archives/images/openverse/2e59a95f-cfbb-4029-b4cc-f6b74245cd2d.jpg,5557c1f1f283445dc9acae1459d53355455ad881670fa37684f31e73f0679e53,240,193,,medium,Openverse/flickr; artist + known work title; creator='naturalflow'
gac:asset-ice-house-coldwell-lake-superior-lawren-harris-sgfr3icsb-pxla,gac,"Ice House, Coldwell, Lake Superior - Lawren Harris",1923,1923,Google Arts & Culture partner museum,,oil,"h 94.1, w 114.1 cm",,,,,https://artsandculture.google.com/asset/ice-house-coldwell-lake-superior-lawren-harris/sgFR3ICsb_pxlA,https://lh3.googleusercontent.com/ci/AL18g_Q87KmbtMTIyz1X30aMYhMhYQV9ATR-Vwpg55meZVi-q6dUVfnj1fTasmbU_LDI5BJ-xg0-Kw=s2000,data/swarm/archives/images/gac/asset-ice-house-coldwell-lake-superior-lawren-harris-sgfr3icsb-pxla.jpg,762b8f94d303ac297866d6af4f11445cf032478603e83b6dfc26961a69fbf12e,1200,988,,medium,creator is Lawren Harris; GAC rights=None
gac:asset-hurdy-gurdy-lawren-harris-2wg5-xeyom7dew,gac,Hurdy Gurdy - Lawren Harris,1913,1913,Google Arts & Culture partner museum,,oil,"h 75.8, w 86.6 cm",,,,,https://artsandculture.google.com/asset/hurdy-gurdy-lawren-harris/2wG5-XeyOm7dew,https://lh3.googleusercontent.com/ci/AL18g_QrVYhbX0qZ4CQnJNiOn3IJxTT8c7ALBga6caojV3FZuzQ2_2Qb4Gbwj1CCMpzzDSIl5pStD_w=s2000,data/swarm/archives/images/gac/asset-hurdy-gurdy-lawren-harris-2wg5-xeyom7dew.jpg,aae0fc775de5872d5091f12ffc595c84444e995f67a18aa4d19e305a758e916c,1200,1043,,medium,creator is Lawren Harris; GAC rights=None
gac:asset-muskoka-lawren-harris-sggy5ofphif1vg,gac,Muskoka - Lawren Harris,1920,1920,Google Arts & Culture partner museum,,oil,,Painting,,,Public Domain,https://artsandculture.google.com/asset/muskoka-lawren-harris/SgGy5ofPHIf1vg,https://lh3.googleusercontent.com/ci/AL18g_QVbfBTN3FQQNhK-XQx4AtEDJLGMuGjeW2WkOooK6-7VRTiQRF15gv5MAjjntHNVn-SHCbmGqR9=s2000,data/swarm/archives/images/gac/asset-muskoka-lawren-harris-sggy5ofphif1vg.jpg,331a8589983fc6cd4d6ff94c346758962616bd12bf12a075b3de2fa2d84e264f,1200,1067,,medium,creator is Lawren Harris; GAC rights='Public Domain'
gac:asset-mountain-sketch-lxxxvii-lawren-harris-fwetmx8bm521va,gac,Mountain Sketch LXXXVII - Lawren Harris,1937,1937,Google Arts & Culture partner museum,,oil,,Painting,,,Public Domain,https://artsandculture.google.com/asset/mountain-sketch-lxxxvii-lawren-harris/fwETMx8bm521VA,https://lh3.googleusercontent.com/ci/AL18g_S3NsYB3ak1M0yaVVJrNLxcUbI-eYGGsknwuxaX-kEfhl9fmv-G0NL72KSiLHndutz5Rr0e=s2000,data/swarm/archives/images/gac/asset-mountain-sketch-lxxxvii-lawren-harris-fwetmx8bm521va.jpg,e5e23f145bf573f44bffb5d1580d06c09aecef0eb95ecd89b6fd2a42d9c7d484,1200,963,,medium,creator is Lawren Harris; GAC rights='Public Domain'
gac:asset-houses-chestnut-street-lawren-s-harris-cqgfqctd5f9nlq,gac,"Houses, Chestnut Street",1919,1919,Google Arts & Culture partner museum,,oil,81.7cm x 97.2cm,painting,,,Public Domain,https://artsandculture.google.com/asset/houses-chestnut-street-lawren-s-harris/cQGFQctd5F9NLQ,https://lh3.googleusercontent.com/ci/AL18g_RYtPd24cytwEnCQl1SDP3t8B5MADTfdiw5_V8rMjD6S31bfyQpFiLk9fJ_nVWxIkD_Xrnfvo8=s2000,data/swarm/archives/images/gac/asset-houses-chestnut-street-lawren-s-harris-cqgfqctd5f9nlq.jpg,2c5358c0625ae0cf043c8a5debba66e1705b948ebaa485c1c6677acc84c02812,1200,1011,,high,creator is Lawren Harris; GAC rights='Public Domain'
gac:asset-mountains-moraine-lake-rock-mountain-sketch-129-lawren-s-harris-mwhfbqj1iwjklg,gac,"Mountains, Moraine Lake (Rock Mountain Sketch 129)",,unknown,Google Arts & Culture partner museum,,oil,30.4cm x 37.9cm,painting,,,Public Domain,https://artsandculture.google.com/asset/mountains-moraine-lake-rock-mountain-sketch-129-lawren-s-harris/mwHFBQJ1IWJkLg,https://lh3.googleusercontent.com/ci/AL18g_RnrWNEGXr_QmI9qOI-3G5tEBBkAotrkNe1xtwrjbGBnkAQjqznKCx2jjwLO0yQjiYZYz6UZA=s2000,data/swarm/archives/images/gac/asset-mountains-moraine-lake-rock-mountain-sketch-129-lawren-s-harris-mwhfbqj1iwjklg.jpg,a3ba7413f0af2b70288c549dff38ff13e90966ee558a903a7bbabac8bd16f296,1200,958,,high,creator is Lawren Harris; GAC rights='Public Domain'
gac:asset-riven-earth-i-lawren-s-harris-nggqflihxbd-pw,gac,Riven Earth I,1936,1936,Google Arts & Culture partner museum,,oil,80cm x 92cm,painting,,,Public Domain,https://artsandculture.google.com/asset/riven-earth-i-lawren-s-harris/NgGqfLiHXBd_Pw,https://lh3.googleusercontent.com/ci/AL18g_Tb3VewEqaDghx0OXUbP-Yw-lEeMTqwFgyYa-44Z1nC8__8M-JdLfulS3AL3BOPto_BD7bmeGg=s2000,data/swarm/archives/images/gac/asset-riven-earth-i-lawren-s-harris-nggqflihxbd-pw.jpg,dca15dee907f707aca9519973a477544b5242d3a8901105b4dfb04ded0b62861,1200,1048,,high,creator is Lawren Harris; GAC rights='Public Domain'
gac:asset-northern-lake-lawren-s-harris-1885-1970-pqe58jursnfuyw,gac,Northern Lake,1923,c. 1923,Google Arts & Culture partner museum,,oil,82.5 x 102.8 cm,painting,,,© Family of Lawren S. Harris,https://artsandculture.google.com/asset/northern-lake-lawren-s-harris-1885-1970/pQE58JURsnFuYw,https://lh3.googleusercontent.com/ci/AL18g_Rkipy1xiEthtM6XKZ46snuGCcrdy5I0LVDiN6TZIHu-gp2JBB0YaBBm8exyVL-W7iCLaHhCw=s2000,data/swarm/archives/images/gac/asset-northern-lake-lawren-s-harris-1885-1970-pqe58jursnfuyw.jpg,ba67f121a06a3e9aa43dc09a094a428a501720616d02b5f84b7bb9dddb295f35,1200,959,,medium,creator is Lawren Harris; GAC rights='© Family of Lawren S. Harris' (Harris d.1970 PD Canada; museum may assert ©)
gac:asset-abstraction-lawren-s-harris-1885-1970-dwhf-kq6axb9ag,gac,Abstraction,1967,c. 1967,Google Arts & Culture partner museum,,oil,160 x 110 cm,painting,,,© Family of Lawren S. Harris,https://artsandculture.google.com/asset/abstraction-lawren-s-harris-1885-1970/DwHF-Kq6axb9Ag,https://lh3.googleusercontent.com/ci/AL18g_TOfe7hygcs0uQzjiUvFdSW1W0YJJcIF2N7tU96CZ2t2318ikeM4LVFBdNkPTM_T9q_u6sIPqc=s2000,data/swarm/archives/images/gac/asset-abstraction-lawren-s-harris-1885-1970-dwhf-kq6axb9ag.jpg,3b248ffc50539942ff2fd540defe43dd4b3e6e029f9fefdb60816b34ba4b533e,845,1200,,medium,creator is Lawren Harris; GAC rights='© Family of Lawren S. Harris' (Harris d.1970 PD Canada; museum may assert ©)
gac:asset-mt-lefroy-lawren-s-harris-1885-1970-pqhexxqa4fja1q,gac,Mt. Lefroy,1930,1930,Google Arts & Culture partner museum,,oil,133.5 x 153.5 cm,painting,,,© Family of Lawren S. Harris,https://artsandculture.google.com/asset/mt-lefroy-lawren-s-harris-1885-1970/pQHExxqa4Fja1Q,https://lh3.googleusercontent.com/ci/AL18g_STnoC4Twyt201TWe3xP_EZCxfWWWHM6ZZmTzhg0d5lgrUAHWjbJ8afvDdxEelcjOMt-m0ANFg=s2000,data/swarm/archives/images/gac/asset-mt-lefroy-lawren-s-harris-1885-1970-pqhexxqa4fja1q.jpg,bf2bf3352ca688245936e7a4d8d61a0025a5fa19eedb5740edf601910b69f989,1200,1043,,medium,creator is Lawren Harris; GAC rights='© Family of Lawren S. Harris' (Harris d.1970 PD Canada; museum may assert ©)
gac:asset-snow-fantasy-lawren-s-harris-1885-1970-rghwmwnvj0fbcq,gac,Snow Fantasy,1917,c. 1917,Google Arts & Culture partner museum,,oil,71 × 110.1 cm,painting,,,© Family of Lawren S. Harris,https://artsandculture.google.com/asset/snow-fantasy-lawren-s-harris-1885-1970/rgHWmWNvj0fBCQ,https://lh3.googleusercontent.com/ci/AL18g_TEZtjBxisvycwldFcf1NAZqkdqG0Rlp-9lZFDIzNutKkQhvqKD0VCr27ktH3oM4zT4aXmV=s2000,data/swarm/archives/images/gac/asset-snow-fantasy-lawren-s-harris-1885-1970-rghwmwnvj0fbcq.jpg,69fde04950fc06a4181d85f5e4ca30738386b8161ec677702cf828e7e363a398,1200,770,,medium,creator is Lawren Harris; GAC rights='© Family of Lawren S. Harris' (Harris d.1970 PD Canada; museum may assert ©)
gac:asset-in-the-ward-lawren-s-harris-1885-1970-wqhfhfxkogcayq,gac,In the Ward,1922,1922,Google Arts & Culture partner museum,,oil,27 x 34 cm,painting,,,© Family of Lawren S. Harris,https://artsandculture.google.com/asset/in-the-ward-lawren-s-harris-1885-1970/WQHfhFxkoGcaYQ,https://lh3.googleusercontent.com/ci/AL18g_TB8OvFldSWAcTYw4PWAMP1aaM6eYcmKwQJD8ubUDs4JNyhcNDNgq8MI9QfIfnxYPd454Gajjs=s2000,data/swarm/archives/images/gac/asset-in-the-ward-lawren-s-harris-1885-1970-wqhfhfxkogcayq.jpg,9a82c6e2deb179cb88bbd8a324ddd4008507fd2c04f2d2a3342b95d0a32e0b6f,1200,949,,medium,creator is Lawren Harris; GAC rights='© Family of Lawren S. Harris' (Harris d.1970 PD Canada; museum may assert ©)
gac:asset-little-house-lawren-s-harris-1885-1970-lqevcfc6pd9bbg,gac,Little House,1911,c. 1911,Google Arts & Culture partner museum,,oil,19.9 x 14.2 cm,painting,,,© Family of Lawren S. Harris,https://artsandculture.google.com/asset/little-house-lawren-s-harris-1885-1970/LQEVCfc6PD9bbg,https://lh3.googleusercontent.com/ci/AL18g_RTbZslqZpI0llaKCyd7rxxgFwn-PGd4nvHEXH95u0DiEkIgm778kyRt1wTU0Tp-X3TQFB5EQ=s2000,data/swarm/archives/images/gac/asset-little-house-lawren-s-harris-1885-1970-lqevcfc6pd9bbg.jpg,651190e599d1d5e17e7cac991f743df19a6db578bb0e079ce2d57496c6c771c5,861,1200,,medium,creator is Lawren Harris; GAC rights='© Family of Lawren S. Harris' (Harris d.1970 PD Canada; museum may assert ©)
gac:asset-sentinels-lawren-s-harris-1885-1970-jwfkfxnicthdqw,gac,Sentinels,1926,c. 1926,Google Arts & Culture partner museum,,oil,30.5 x 38.1 cm,painting,,,© Family of Lawren S. Harris,https://artsandculture.google.com/asset/sentinels-lawren-s-harris-1885-1970/jwFkFXnicthDqw,https://lh3.googleusercontent.com/ci/AL18g_TC7YfiQGPlVvE1VH8qaOa-ma9UmYouBZTfBg6dlSljAzmhQWvCH-zMetqwjxLAfrnlSTAZ=s2000,data/swarm/archives/images/gac/asset-sentinels-lawren-s-harris-1885-1970-jwfkfxnicthdqw.jpg,41b5de46fe3ee59b0f4297e247f3071ae46bb45f6a1e37ef6739a77f7bf613ca,1200,972,,medium,creator is Lawren Harris; GAC rights='© Family of Lawren S. Harris' (Harris d.1970 PD Canada; museum may assert ©)
gac:asset-the-ice-house-lawren-s-harris-1885-1970-ge-wysdng-0-a,gac,The Ice House,1925,1925,Google Arts & Culture partner museum,,oil,30.1 x 38 cm,painting,,,© Family of Lawren S. Harris,https://artsandculture.google.com/asset/the-ice-house-lawren-s-harris-1885-1970/_gE_wySDNg-0_A,https://lh3.googleusercontent.com/ci/AL18g_TIvtJjLdJEv4zjW1mK7CX1hs5j43xmy8Pf3cAd-F4egdsJv5C0ElfOb3-D2ek4ypk88iphO08=s2000,data/swarm/archives/images/gac/asset-the-ice-house-lawren-s-harris-1885-1970-ge-wysdng-0-a.jpg,42775cf3836d054205540cba5817baa99b0763db07bd94e0f326646ddf24531b,1200,948,,medium,creator is Lawren Harris; GAC rights='© Family of Lawren S. Harris' (Harris d.1970 PD Canada; museum may assert ©)
gac:asset-painting-no-2-1939-41-lawren-s-harris-1885-1970-xqelg-3m30rsog,gac,"Painting No.2, 1939-41",1939,1939 - 1941,Google Arts & Culture partner museum,,oil,130.5 x 91.9 cm,painting,,,© Family of Lawren S. Harris,https://artsandculture.google.com/asset/painting-no-2-1939-41-lawren-s-harris-1885-1970/xQElG-3M30RSOg,https://lh3.googleusercontent.com/ci/AL18g_T8qDJLnWPGkniKZniykb3SOTif6iOTz9DJrbKCGp5d8tJnoieCXZ5XU_TP_G096nDgcX0yoIc=s2000,data/swarm/archives/images/gac/asset-painting-no-2-1939-41-lawren-s-harris-1885-1970-xqelg-3m30rsog.jpg,a0191e0f2350cc57c6e36b1174bdeceffbd051fb83699bf627ad09c44d349c35,841,1200,,medium,creator is Lawren Harris; GAC rights='© Family of Lawren S. Harris' (Harris d.1970 PD Canada; museum may assert ©)
gac:asset-country-north-of-lake-superior-2-lawren-s-harris-1885-1970-waewd3-i-n8-oa,gac,Country North of Lake Superior #2,1921,c. 1921,Google Arts & Culture partner museum,,oil,26.2 x 35.1 cm,painting,,,© Family of Lawren S. Harris,https://artsandculture.google.com/asset/country-north-of-lake-superior-2-lawren-s-harris-1885-1970/wAEWD3_i_n8_OA,https://lh3.googleusercontent.com/ci/AL18g_RKHc7xnYNr-ckPwieH6xJOoOsYd_wVC826zvEBlX-91FEc3oJYrM5qRe-Z2BgibvqZ1IvNYw=s2000,data/swarm/archives/images/gac/asset-country-north-of-lake-superior-2-lawren-s-harris-1885-1970-waewd3-i-n8-oa.jpg,011124ab8c2f99bd964c0358d44d84748efd610c215cfae3ba4122be25794ebe,1200,893,,medium,creator is Lawren Harris; GAC rights='© Family of Lawren S. Harris' (Harris d.1970 PD Canada; museum may assert ©)
gac:asset-ellesmere-island-lawren-s-harris-1885-1970-1agj6an3qg2rpw,gac,Ellesmere Island,1930,c. 1930,Google Arts & Culture partner museum,,oil,30.4 x 37.7 cm,painting,,,© Family of Lawren S. Harris,https://artsandculture.google.com/asset/ellesmere-island-lawren-s-harris-1885-1970/1AGJ6An3qG2RPw,https://lh3.googleusercontent.com/ci/AL18g_TprUC_939RGqWCzm9NY6jDwyQK9vfOcp1tRlY1VfKQfOGrdF5Iehm_WmwKZyOTZW6hE24R_w=s2000,data/swarm/archives/images/gac/asset-ellesmere-island-lawren-s-harris-1885-1970-1agj6an3qg2rpw.jpg,27e2640346eca1b10f118ee88392fe9d712420d8afe9fef6483a556e963d4d4f,1200,969,,medium,creator is Lawren Harris; GAC rights='© Family of Lawren S. Harris' (Harris d.1970 PD Canada; museum may assert ©)
