key,source,title,year,date_raw,collection,inventory_no,medium,dimensions,genre,style,description,license,page_url,image_url,local_path,sha256,width,height,wikidata_id,confidence
commons:decorative-landscape-by-lawren-harris-mus-e-d-orsay-paris-35486993474-jpg,commons,"Decorative Landscape, by Lawren Harris, Musée d'Orsay, Paris (35486993474)",1917,1917,,,,,,,,Public domain,"https://commons.wikimedia.org/wiki/File:Decorative_Landscape,_by_Lawren_Harris,_Mus%C3%A9e_d%27Orsay,_Paris_(35486993474).jpg",https://upload.wikimedia.org/wikipedia/commons/c/c7/Decorative_Landscape%2C_by_Lawren_Harris%2C_Mus%C3%A9e_d%27Orsay%2C_Paris_%2835486993474%29.jpg?utm_source=commons.wikimedia.org&utm_campaign=imageinfo&utm_content=original,data/images/commons/decorative-landscape-by-lawren-harris-mus-e-d-orsay-paris-35486993474-jpg.jpg,5de863bf8020418daa063300b5c199b5fae97744577a00789d745db69c91dc07,6016,4016,,high
commons:lawren-harris-2-am-buchanan-bay-elsmere-island-1930-oil-on-wood-pulp-board-2004-37-jpg,commons,"Lawren Harris 2 am Buchanan Bay, Elsmere Island 1930 oil on wood-pulp board 2004-37",1930,1930,,,,,,,"Картина Лорена Гарріса ""О 2-й ранку в Буханан-Бей, острів Елсмір"" 1930 року",Public domain,"https://commons.wikimedia.org/wiki/File:Lawren_Harris_2_am_Buchanan_Bay,_Elsmere_Island_1930_oil_on_wood-pulp_board_2004-37.jpg",https://upload.wikimedia.org/wikipedia/commons/d/d8/Lawren_Harris_2_am_Buchanan_Bay%2C_Elsmere_Island_1930_oil_on_wood-pulp_board_2004-37.jpg?utm_source=commons.wikimedia.org&utm_campaign=imageinfo&utm_content=original,data/images/commons/lawren-harris-2-am-buchanan-bay-elsmere-island-1930-oil-on-wood-pulp-board-2004-37-jpg.jpg,9fef71132930c03d9ad056dae606addf760c4a0736a8cd3351c9aee5c27df7a1,4373,3739,,high
commons:lawren-harris-algoma-country-1920-1921-oil-on-canvas-48-9-jpg,commons,Lawren Harris Algoma Country 1920-1921 oil on canvas 48 9,1920,1920-1921,,,,,,,"Картина Лорена Гарріса ""Округ Алґома"" 1920-1921 рр",Public domain,https://commons.wikimedia.org/wiki/File:Lawren_Harris_Algoma_Country_1920-1921_oil_on_canvas_48_9.jpg,https://upload.wikimedia.org/wikipedia/commons/0/08/Lawren_Harris_Algoma_Country_1920-1921_oil_on_canvas_48_9.jpg?utm_source=commons.wikimedia.org&utm_campaign=imageinfo&utm_content=original,data/images/commons/lawren-harris-algoma-country-1920-1921-oil-on-canvas-48-9-jpg.jpg,baa3bd4d0cf152165732be7b643bba9d6934b4aed1822ecb187f324eaa3636de,4624,3773,,high
commons:lawren-harris-algoma-sketch-autumn-1920-oil-on-wood-103960-jpg,commons,"Lawren Harris Algoma Sketch, Autumn ~1920 oil on wood 103960",1920,~1920,,,,,,,"Картина Лорена Гарріса ""Алґома. Ескіз. Осінь"" бл.1920",Public domain,"https://commons.wikimedia.org/wiki/File:Lawren_Harris_Algoma_Sketch,_Autumn_~1920_oil_on_wood_103960.jpg",https://upload.wikimedia.org/wikipedia/commons/4/4b/Lawren_Harris_Algoma_Sketch%2C_Autumn_~1920_oil_on_wood_103960.jpg?utm_source=commons.wikimedia.org&utm_campaign=imageinfo&utm_content=original,data/images/commons/lawren-harris-algoma-sketch-autumn-1920-oil-on-wood-103960-jpg.jpg,d5881de33aa43fa836899080f7ffd6e62ed18b4652cd59b4b546801b3eb7cd7f,4722,3883,,high
commons:lawren-harris-algoma-sketch-lxxxiv-1922-oil-on-paperboard-103948-jpg,commons,Lawren Harris Algoma Sketch LXXXIV ~1922 oil on paperboard 103948,1922,~1922,,,,,,,"Картина Лорена Гарріса ""Алґома. Ескіз LXXXIV"" бл 1922",Public domain,https://commons.wikimedia.org/wiki/File:Lawren_Harris_Algoma_Sketch_LXXXIV_~1922_oil_on_paperboard_103948.jpg,https://upload.wikimedia.org/wikipedia/commons/7/79/Lawren_Harris_Algoma_Sketch_LXXXIV_~1922_oil_on_paperboard_103948.jpg?utm_source=commons.wikimedia.org&utm_campaign=imageinfo&utm_content=original,data/images/commons/lawren-harris-algoma-sketch-lxxxiv-1922-oil-on-paperboard-103948-jpg.jpg,279a2cb8c6cdc619afb5f8f2273e6e5a5cb446b40993323b0037c2fdde50bc7f,4424,3659,,high
commons:lawren-harris-algoma-sketch-xxxi-1920-oil-on-wood-103968-jpg,commons,Lawren Harris Algoma Sketch XXXI ~1920 oil on wood 103968,1920,~1920,,,,,,,"Картина Лорена Гарріса ""Алґома, ескіз XXXI, бл. 1920",Public domain,https://commons.wikimedia.org/wiki/File:Lawren_Harris_Algoma_Sketch_XXXI_~1920_oil_on_wood_103968.jpg,https://upload.wikimedia.org/wikipedia/commons/6/6f/Lawren_Harris_Algoma_Sketch_XXXI_~1920_oil_on_wood_103968.jpg?utm_source=commons.wikimedia.org&utm_campaign=imageinfo&utm_content=original,data/images/commons/lawren-harris-algoma-sketch-xxxi-1920-oil-on-wood-103968-jpg.jpg,4a7888e98576069a946ac338cb5b19bc96c3602b70f96d43c2ec045c897484b8,4470,3648,,high
commons:lawren-harris-algoma-stream-1919-oil-on-paperboard-103946-jpg,commons,Lawren Harris Algoma Stream 1919 oil on paperboard 103946,1919,1919,,,,,,,"Картина Лорена Гарріса ""Потік Алґома"" 1919",Public domain,https://commons.wikimedia.org/wiki/File:Lawren_Harris_Algoma_Stream_1919_oil_on_paperboard_103946.jpg,https://upload.wikimedia.org/wikipedia/commons/4/46/Lawren_Harris_Algoma_Stream_1919_oil_on_paperboard_103946.jpg?utm_source=commons.wikimedia.org&utm_campaign=imageinfo&utm_content=original,,,4447,3676,,high
commons:lawren-harris-arctic-peaks-north-shore-baffin-island-1930-oil-on-canvas-103936-jpg,commons,"Lawren Harris Arctic Peaks, North Shore, Baffin Island 1930 oil on canvas 103936",1930,1930,,,,,,,"Картина Лорена Гарріса ""Верховини Арктики, північний берег Баффінової Землі"" 1930",Public domain,"https://commons.wikimedia.org/wiki/File:Lawren_Harris_Arctic_Peaks,_North_Shore,_Baffin_Island_1930_oil_on_canvas_103936.jpg",https://upload.wikimedia.org/wikipedia/commons/1/10/Lawren_Harris_Arctic_Peaks%2C_North_Shore%2C_Baffin_Island_1930_oil_on_canvas_103936.jpg?utm_source=commons.wikimedia.org&utm_campaign=imageinfo&utm_content=original,,,4996,3871,,high
commons:lawren-harris-baffin-island-mountains-1931-oil-on-canvas-103944-jpg,commons,Lawren Harris Baffin Island Mountains ~1931 oil on canvas 103944,1931,~1931,,,,,,,"Картина Лорена Гарріса ""Гори Баффінової Землі"" бл. 1931",Public domain,https://commons.wikimedia.org/wiki/File:Lawren_Harris_Baffin_Island_Mountains_~1931_oil_on_canvas_103944.jpg,https://upload.wikimedia.org/wikipedia/commons/5/5e/Lawren_Harris_Baffin_Island_Mountains_~1931_oil_on_canvas_103944.jpg?utm_source=commons.wikimedia.org&utm_campaign=imageinfo&utm_content=original,,,4573,3711,,high
commons:lawren-harris-beaver-swamp-algoma-1920-oil-on-canvas-53-12-jpg,commons,"Lawren Harris Beaver Swamp, Algoma 1920 oil on canvas 53 12",1920,1920,,,,,,,"Картина Лорена Гарріса ""Болото, Алґома"" 1920",Public domain,"https://commons.wikimedia.org/wiki/File:Lawren_Harris_Beaver_Swamp,_Algoma_1920_oil_on_canvas_53_12.jpg",https://upload.wikimedia.org/wikipedia/commons/1/1c/Lawren_Harris_Beaver_Swamp%2C_Algoma_1920_oil_on_canvas_53_12.jpg?utm_source=commons.wikimedia.org&utm_campaign=imageinfo&utm_content=original,,,4567,3974,,high
commons:lawren-harris-bylot-island-south-shore-from-eclipse-sound-arctic-scetches-xxxiv-1930-oil-on-paperboard-103972-jpg,commons,"Lawren Harris Bylot Island, South Shore from Eclipse Sound, Arctic Scetches XXXIV 1930 oil on paperboard 103972",1930,1930,,,,,,,"Картина Лорена Гарріса ""Острів Байлот, південний берег протоки Екліпс. Арктичні ескізи XXXIV""б 1930",Public domain,"https://commons.wikimedia.org/wiki/File:Lawren_Harris_Bylot_Island,_South_Shore_from_Eclipse_Sound,_Arctic_Scetches_XXXIV_1930_oil_on_paperboard_103972.jpg",https://upload.wikimedia.org/wikipedia/commons/b/b7/Lawren_Harris_Bylot_Island%2C_South_Shore_from_Eclipse_Sound%2C_Arctic_Scetches_XXXIV_1930_oil_on_paperboard_103972.jpg?utm_source=commons.wikimedia.org&utm_campaign=imageinfo&utm_content=original,,,4481,3848,,high
commons:lawren-harris-clyde-inlet-baffin-island-1930-oil-on-wood-pulp-board-103969-jpg,commons,"Lawren Harris Clyde Inlet, Baffin Island ~1930 oil on wood-pulp board 103969",1930,~1930,,,,,,,"Картина Лорена Гарріса ""Затока Клайд, Баффінова Земля"", бл. 1930",Public domain,"https://commons.wikimedia.org/wiki/File:Lawren_Harris_Clyde_Inlet,_Baffin_Island_~1930_oil_on_wood-pulp_board_103969.jpg",https://upload.wikimedia.org/wikipedia/commons/5/57/Lawren_Harris_Clyde_Inlet%2C_Baffin_Island_~1930_oil_on_wood-pulp_board_103969.jpg?utm_source=commons.wikimedia.org&utm_campaign=imageinfo&utm_content=original,,,4567,3911,,high
commons:lawren-harris-figure-with-rais-of-light-arctic-group-iii-1927-oli-on-canvas-103937-jpg,commons,Lawren Harris Figure with Rais of Light (Arctic Group III) ~1927 oli on canvas 103937,1927,~1927,,,,,,,"Картина Лорена Гарріса ""Постать у променях світла (Арктична група ІІІ), бл. 1927",Public domain,https://commons.wikimedia.org/wiki/File:Lawren_Harris_Figure_with_Rais_of_Light_(Arctic_Group_III)_~1927_oli_on_canvas_103937.jpg,https://upload.wikimedia.org/wikipedia/commons/e/e5/Lawren_Harris_Figure_with_Rais_of_Light_%28Arctic_Group_III%29_~1927_oli_on_canvas_103937.jpg?utm_source=commons.wikimedia.org&utm_campaign=imageinfo&utm_content=original,,,4516,3642,,high
commons:lawren-harris-houses-richmond-street-1911-oil-on-canvas-103941-jpg,commons,"Lawren Harris Houses, Richmond Street 1911 oil on canvas 103941",1911,1911,,,,,,,"Картина Лорена Гарріса ""Будинки, Ричмонд-стріт"", 1911",Public domain,"https://commons.wikimedia.org/wiki/File:Lawren_Harris_Houses,_Richmond_Street_1911_oil_on_canvas_103941.jpg",https://upload.wikimedia.org/wikipedia/commons/d/d1/Lawren_Harris_Houses%2C_Richmond_Street_1911_oil_on_canvas_103941.jpg?utm_source=commons.wikimedia.org&utm_campaign=imageinfo&utm_content=original,,,3898,3602,,high
commons:lawren-harris-in-the-ward-toronto-1917-oil-on-wood-pulp-board-103963-jpg,commons,"Lawren Harris In the Ward, Toronto 1917 oil on wood-pulp board 103963",1911,1911,,,,,,,"Картина Лорена Гарріса ""У кварталі, Торонто"", 1917",Public domain,"https://commons.wikimedia.org/wiki/File:Lawren_Harris_In_the_Ward,_Toronto_1917_oil_on_wood-pulp_board_103963.jpg",https://upload.wikimedia.org/wikipedia/commons/5/5e/Lawren_Harris_In_the_Ward%2C_Toronto_1917_oil_on_wood-pulp_board_103963.jpg?utm_source=commons.wikimedia.org&utm_campaign=imageinfo&utm_content=original,,,4189,3482,,high
commons:lawren-harris-lake-superior-around-1923-jpg,commons,Lawren Harris Lake Superior around 1923,1923,1923,,,,,,,Lawren Harris: Lake Superior around 1923; oil on canvas. Art Gallery of Ontario,Public domain,https://commons.wikimedia.org/wiki/File:Lawren_Harris_Lake_Superior_around_1923.jpg,https://upload.wikimedia.org/wikipedia/commons/4/41/Lawren_Harris_Lake_Superior_around_1923.jpg?utm_source=commons.wikimedia.org&utm_campaign=imageinfo&utm_content=original,,,4273,3781,,high
commons:lawren-harris-lake-superior-around-1924-jpg,commons,Lawren Harris Lake Superior around 1924,1924,1924,,,,,,,Lawren Harris: Lake Superior around 1924; oil on canvas. Art Gallery of Ontario,Public domain,https://commons.wikimedia.org/wiki/File:Lawren_Harris_Lake_Superior_around_1924.jpg,https://upload.wikimedia.org/wikipedia/commons/e/e4/Lawren_Harris_Lake_Superior_around_1924.jpg?utm_source=commons.wikimedia.org&utm_campaign=imageinfo&utm_content=original,,,4611,3751,,high
commons:lawren-harris-miners-houses-glace-bay-1925-png,commons,"Miners' Houses, Glace Bay title QS:P1476,en:""Miners' Houses, Glace Bay "" label QS:Len,""Miners' Houses, Glace Bay "" label QS:Lfr,""Miners' Houses, Glace Bay""",1925,1925,,,,,,,"Miners' Houses, Glace Bay , Art Gallery of Ontario, Toronto",Public domain,"https://commons.wikimedia.org/wiki/File:Lawren_Harris_Miners%27_Houses,_Glace_Bay_1925.png",https://upload.wikimedia.org/wikipedia/commons/9/9e/Lawren_Harris_Miners%27_Houses%2C_Glace_Bay_1925.png?utm_source=commons.wikimedia.org&utm_campaign=imageinfo&utm_content=original,,,1200,1012,,high
commons:lawren-harris-mount-lefroy-1929-oil-on-paperboard-103974-jpg,commons,Lawren Harris Mount Lefroy ~1929 oil on paperboard 103974,1929,~1929,,,,,,,"Картина Лорена Гарріса ""Гора Лефрой"", бл. 1929",Public domain,https://commons.wikimedia.org/wiki/File:Lawren_Harris_Mount_Lefroy_~1929_oil_on_paperboard_103974.jpg,https://upload.wikimedia.org/wikipedia/commons/9/9e/Lawren_Harris_Mount_Lefroy_~1929_oil_on_paperboard_103974.jpg?utm_source=commons.wikimedia.org&utm_campaign=imageinfo&utm_content=original,,,4287,3637,,high
commons:lawren-harris-mount-robson-from-the-north-east-1929-oil-on-paperboeard-103970-jpg,commons,Lawren Harris Mount Robson from the North East 1929 oil on paperboeard 103970,1929,1929,,,,,,,"Картина Лорена Гарріса ""Гора Робсон з Північного Сходу"", 1929",Public domain,https://commons.wikimedia.org/wiki/File:Lawren_Harris_Mount_Robson_from_the_North_East_1929_oil_on_paperboeard_103970.jpg,https://upload.wikimedia.org/wikipedia/commons/0/01/Lawren_Harris_Mount_Robson_from_the_North_East_1929_oil_on_paperboeard_103970.jpg?utm_source=commons.wikimedia.org&utm_campaign=imageinfo&utm_content=original,,,4670,3946,,high
commons:lawren-harris-mount-robson-from-the-south-east-1929-oil-on-paperboard-106736-jpg,commons,Lawren Harris Mount Robson from the South East 1929 oil on paperboard 106736,1929,1929,,,,,,,"Картина Лорена Гарріса ""Гора Робсон з Південного Сходу"", 1929",Public domain,https://commons.wikimedia.org/wiki/File:Lawren_Harris_Mount_Robson_from_the_South_East_1929_oil_on_paperboard_106736.jpg,https://upload.wikimedia.org/wikipedia/commons/1/10/Lawren_Harris_Mount_Robson_from_the_South_East_1929_oil_on_paperboard_106736.jpg?utm_source=commons.wikimedia.org&utm_campaign=imageinfo&utm_content=original,,,2159,1832,,high
commons:lawren-harris-mountain-sketch-lxv-1929-oil-on-paperboard-103959-jpg,commons,Lawren Harris Mountain Sketch LXV ~1929 oil on paperboard 103959,1929,~1929,,,,,,,"Картина Лорена Гарріса ""Гірський ескіз LXV"", бл. 1929",Public domain,https://commons.wikimedia.org/wiki/File:Lawren_Harris_Mountain_Sketch_LXV_~1929_oil_on_paperboard_103959.jpg,https://upload.wikimedia.org/wikipedia/commons/8/82/Lawren_Harris_Mountain_Sketch_LXV_~1929_oil_on_paperboard_103959.jpg?utm_source=commons.wikimedia.org&utm_campaign=imageinfo&utm_content=original,,,4601,3894,,high
commons:lawren-harris-north-greenland-coast-arctic-sketch-xxv-1930-oil-on-paperboard-103955-jpg,commons,"Lawren Harris North Greenland Coast, Arctic Sketch XXV 1930 oil on paperboard 103955",1930,1930,,,,,,,"Картина Лорена Гарріса ""Узбережжя Північної Ґренландії. Арктичний ескіз XXV"", 1930",Public domain,"https://commons.wikimedia.org/wiki/File:Lawren_Harris_North_Greenland_Coast,_Arctic_Sketch_XXV_1930_oil_on_paperboard_103955.jpg",https://upload.wikimedia.org/wikipedia/commons/9/9c/Lawren_Harris_North_Greenland_Coast%2C_Arctic_Sketch_XXV_1930_oil_on_paperboard_103955.jpg?utm_source=commons.wikimedia.org&utm_campaign=imageinfo&utm_content=original,,,4516,3865,,high
commons:lawren-harris-north-shore-lake-superior-1926-jpg,commons,"Lawren Harris North Shore, Lake Superior 1926",1926,1926,,,,,,,"North Shore, Lake Superior , Art Gallery of Ontario, Toronto",Public domain,"https://commons.wikimedia.org/wiki/File:Lawren_Harris_North_Shore,_Lake_Superior_1926.jpg",https://upload.wikimedia.org/wikipedia/commons/0/0b/Lawren_Harris_North_Shore%2C_Lake_Superior_1926.jpg?utm_source=commons.wikimedia.org&utm_campaign=imageinfo&utm_content=original,,,4601,3735,,high
commons:lawren-harris-pic-island-1923-oil-on-wood-panel-mcmichaels-jpg,commons,"Lawren Harris Pic Island, 1923 oil on wood panel McMichaels",1923,1923,,,,,,,"Картина канадського митця Лорена Гарріса ""Пік-Айленд"", 1923, зберігається в фондах Канадської художньої колекції Мак-Майкла в Кляйнбурзі",Public domain,"https://commons.wikimedia.org/wiki/File:Lawren_Harris_Pic_Island,_1923_oil_on_wood_panel_McMichaels.jpg",https://upload.wikimedia.org/wikipedia/commons/e/ea/Lawren_Harris_Pic_Island%2C_1923_oil_on_wood_panel_McMichaels.jpg?utm_source=commons.wikimedia.org&utm_campaign=imageinfo&utm_content=original,,,4075,3393,,high
commons:lawren-harris-rapids-algoma-1918-oil-on-wood-pulp-board-103945-jpg,commons,"Lawren Harris Rapids, Algoma 1918 oil on wood-pulp board 103945",1918,1918,,,,,,,"Картина Лорена Гарріса ""Бистрини, Алґома"", 1918",Public domain,"https://commons.wikimedia.org/wiki/File:Lawren_Harris_Rapids,_Algoma_1918_oil_on_wood-pulp_board_103945.jpg",https://upload.wikimedia.org/wikipedia/commons/9/9c/Lawren_Harris_Rapids%2C_Algoma_1918_oil_on_wood-pulp_board_103945.jpg?utm_source=commons.wikimedia.org&utm_campaign=imageinfo&utm_content=original,,,4430,3637,,high
commons:lawren-harris-snow-algonquin-park-1915-oil-on-canvas-106737-jpg,commons,"Lawren Harris Snow, Algonquin Park 1915 oil on canvas 106737",1915,1915,,,,,,,"Картина Лорена Гарріса ""Сніг, Алґонкін-парк"", 1915",Public domain,"https://commons.wikimedia.org/wiki/File:Lawren_Harris_Snow,_Algonquin_Park_1915_oil_on_canvas_106737.jpg",https://upload.wikimedia.org/wikipedia/commons/c/c7/Lawren_Harris_Snow%2C_Algonquin_Park_1915_oil_on_canvas_106737.jpg?utm_source=commons.wikimedia.org&utm_campaign=imageinfo&utm_content=original,,,4516,4031,,high
commons:lawren-harris-street-scene-with-figures-hamilton-1919-oil-on-wood-pulp-board-103956-jpg,commons,"Lawren Harris Street Scene with Figures, Hamilton ~1919 oil on wood-pulp board 103956",1919,~1919,,,,,,,"Картина Лорена Гарріса ""Вулична сцена з постатями, Гамільтон"", бл. 1919",Public domain,"https://commons.wikimedia.org/wiki/File:Lawren_Harris_Street_Scene_with_Figures,_Hamilton_~1919_oil_on_wood-pulp_board_103956.jpg",https://upload.wikimedia.org/wikipedia/commons/5/5d/Lawren_Harris_Street_Scene_with_Figures%2C_Hamilton_~1919_oil_on_wood-pulp_board_103956.jpg?utm_source=commons.wikimedia.org&utm_campaign=imageinfo&utm_content=original,,,3658,3014,,high
commons:lawren-harris-trees-and-snow-1924-oil-on-wood-pulp-board-103964-jpg,commons,Lawren Harris Trees and Snow 1924 oil on wood-pulp board 103964,1924,1924,,,,,,,"Картина Лорена Гарріса ""Дерева і сніг"", 1924",Public domain,https://commons.wikimedia.org/wiki/File:Lawren_Harris_Trees_and_Snow_1924_oil_on_wood-pulp_board_103964.jpg,https://upload.wikimedia.org/wikipedia/commons/e/e1/Lawren_Harris_Trees_and_Snow_1924_oil_on_wood-pulp_board_103964.jpg?utm_source=commons.wikimedia.org&utm_campaign=imageinfo&utm_content=original,,,4458,3643,,high
commons:lawren-harris-waterfall-algoma-canyon-algoma-1919-oil-on-paperboard-103950-jpg,commons,"Lawren Harris Waterfall, Algoma Canyon, Algoma 1919 oil on paperboard 103950",1919,1919,,,,,,,"Картина Лорена Гарріса ""Водоспад. Каньйон Алґома, Алґома"", 1919",Public domain,"https://commons.wikimedia.org/wiki/File:Lawren_Harris_Waterfall,_Algoma_Canyon,_Algoma_1919_oil_on_paperboard_103950.jpg",https://upload.wikimedia.org/wikipedia/commons/a/ad/Lawren_Harris_Waterfall%2C_Algoma_Canyon%2C_Algoma_1919_oil_on_paperboard_103950.jpg?utm_source=commons.wikimedia.org&utm_campaign=imageinfo&utm_content=original,,,4464,3700,,high
commons:lawren-harris-winter-afternoon-city-street-toronto-on-sunday-morning-1918-oil-on-canvas-103940-jpg,commons,"Lawren Harris Winter Afternoon, City Street, Toronto on Sunday Morning 1918 oil on canvas 103940",1918,1918,,,,,,,"Картина Лорена Гарріса ""Зимове пополудне, міська вулиця Торонто недільним ранком"", 1918",Public domain,"https://commons.wikimedia.org/wiki/File:Lawren_Harris_Winter_Afternoon,_City_Street,_Toronto_on_Sunday_Morning_1918_oil_on_canvas_103940.jpg",https://upload.wikimedia.org/wikipedia/commons/7/79/Lawren_Harris_Winter_Afternoon%2C_City_Street%2C_Toronto_on_Sunday_Morning_1918_oil_on_canvas_103940.jpg?utm_source=commons.wikimedia.org&utm_campaign=imageinfo&utm_content=original,,,4236,3797,,high
commons:lawren-harris-winter-woods-1915-oilon-canvas-103873-jpg,commons,Lawren Harris Winter Woods 1915 oilon canvas 103873,1915,1915,,,,,,,"Картина Лорена Гарріса ""Зимовий ліс"", 1915",Public domain,https://commons.wikimedia.org/wiki/File:Lawren_Harris_Winter_Woods_1915_oilon_canvas_103873.jpg,https://upload.wikimedia.org/wikipedia/commons/0/08/Lawren_Harris_Winter_Woods_1915_oilon_canvas_103873.jpg?utm_source=commons.wikimedia.org&utm_campaign=imageinfo&utm_content=original,,,4121,3900,,high
